S21 (Gain)_x,S21 (Gain)_y,S12 (Isolation)_x,S12 (Isolation)_y,S11 (Input Match)_x,S11 (Input Match)_y,S22 (Output Match)_x,S22 (Output Match)_y
0.,-1.4734287262,0.,-1.5536098480,0.,-29.2410583496,0.,-26.9324626923
1.,-1.5841447115,1.,-1.620303154,1.,-32.5834922791,1.,-28.4276771545
2.,-1.5876990557,2.,-1.5966763496,2.,-42.2670898438,2.,-33.9664039612
3.,-1.5502783060,3.,-1.6119236946,3.,-25.1335353851,3.,-32.441860199
4.,-1.6088241339,4.,-1.6002168655,4.,-28.0836086273,4.,-30.0179424286
5.,-1.5907498598,5.,-1.6815708876,5.,-22.5138511658,5.,-26.3689079285
6.,-1.6010637283,6.,-1.6614755392,6.,-29.8505573273,6.,-35.3729324341
7.,-1.678237319,7.,-1.7213375568,7.,-25.0835342407,7.,-28.792093277
8.,-1.6408860683,8.,-1.7688337565,8.,-29.3347167969,8.,-33.8778457642
9.,-1.7528598309,9.,-1.7865576744,9.,-23.2496929169,9.,-37.5096931458
10.,-1.7004492283,10.,-1.7496790886,10.,-27.584154129,10.,-35.3957138062
11.,-1.7248499394,11.,-1.782812357,11.,-22.9501190186,11.,-47.4124450684
12.,-1.7463709116,12.,-1.7631239891,12.,-29.1221504211,12.,-28.2723026276
13.,-1.7088397741,13.,-1.8253459930,13.,-32.6157951355,13.,-28.2459793091
14.,-1.8094902039,14.,-1.8715388775,14.,-31.537979126,14.,-24.720533371
15.,-1.8383381367,15.,-1.8720169067,15.,-27.0881404877,15.,-26.0109806061
16.,-1.8073209524,16.,-1.8937366009,16.,-26.0177211761,16.,-27.8370170593
17.,-1.8701426983,17.,-1.8925517797,17.,-46.5345077515,17.,-34.9039955139
18.,-1.8857282400,18.,-1.9511220455,18.,-33.1123008728,18.,-44.821018219
19.,-1.9597954750,19.,-1.9452843666,19.,-35.6154289246,19.,-36.2300682068
20.,-1.9754354954,20.,-1.9813622236,20.,-30.1625785828,20.,-26.5402088165
21.,-1.923162818,21.,-1.9726663828,21.,-33.5871620178,21.,-28.7462940216
22.,-1.9210919142,22.,-2.0230348110,22.,-34.7925224304,22.,-26.6910419464
23.,-1.9081618786,23.,-2.0900287628,23.,-23.7264156342,23.,-23.9236545563
24.,-1.8916344643,24.,-2.0935628414,24.,-27.9540157318,24.,-26.0133590698
25.,-2.0239143372,25.,-2.1415224075,25.,-26.7207164764,25.,-24.5596199036
26.,-2.1286242008,26.,-2.1529912949,26.,-37.386302948,26.,-21.3483161926
27.,-2.2026846409,27.,-2.1704115868,27.,-29.4862251282,27.,-26.6248188019
28.,-2.1813971996,28.,-2.1794109344,28.,-30.1475791931,28.,-27.2946071625
29.,-2.1370716095,29.,-2.2295496464,29.,-26.3210163116,29.,-32.2682304382
30.,-2.1323022842,30.,-2.2730576992,30.,-24.077917099,30.,-29.0134983063
31.,-1.997803092,31.,-2.2786128521,31.,-26.1082801819,31.,-30.1805725098
32.,-2.0064370632,32.,-2.3120267391,32.,-34.9260253906,32.,-29.5290393829
33.,-2.1122708321,33.,-2.3311450481,33.,-40.9903068542,33.,-53.1923179626
34.,-2.1105628014,34.,-2.3882148266,34.,-30.9207706451,34.,-42.5259971619
35.,-2.1758670807,35.,-2.4353966713,35.,-23.6085071564,35.,-25.3264503479
36.,-2.2347240448,36.,-2.4114177227,36.,-26.3578796387,36.,-23.578086853
37.,-2.3024981022,37.,-2.4220588207,37.,-27.5361461639,37.,-25.8159160614
38.,-2.4972236156,38.,-2.450350523,38.,-24.5213851929,38.,-24.4321517944
39.,-2.3680276871,39.,-2.4269411564,39.,-25.3973236084,39.,-37.6079597473
40.,-2.3161399364,40.,-2.4432065487,40.,-23.7654647827,40.,-28.903137207
41.,-2.4479053021,41.,-2.4844017029,41.,-21.5723304749,41.,-21.7912349701
42.,-2.4353041649,42.,-2.5398938656,42.,-20.6600341797,42.,-21.4256343842
43.,-2.4962568283,43.,-2.5819878578,43.,-20.0819339752,43.,-25.1238288879
44.,-2.5783190727,44.,-2.6090474129,44.,-24.5458869934,44.,-25.40508461
45.,-2.4999115467,45.,-2.6196441650,45.,-26.5083389282,45.,-36.7064857483
46.,-2.677713871,46.,-2.6805999279,46.,-39.8543663025,46.,-33.675983429
47.,-2.5870702267,47.,-2.6857597828,47.,-22.9970569611,47.,-25.10962677
48.,-2.5643994808,48.,-2.6564118862,48.,-27.6232700348,48.,-29.1578178406
49.,-2.6124081612,49.,-2.7086653709,49.,-21.1281986237,49.,-23.0526809692
50.,-2.5322394371,50.,-2.7119147778,50.,-25.6739864349,50.,-26.6417388916
51.,-2.7221484184,51.,-2.7849447727,51.,-19.9620361328,51.,-32.5660934448
52.,-2.8468024731,52.,-2.7975523472,52.,-26.0559711456,52.,-22.8931503296
53.,-2.808686018,53.,-2.8365924358,53.,-18.0394515991,53.,-20.2221565247
54.,-2.8452785015,54.,-2.7450044155,54.,-24.8958358765,54.,-21.5278224945
55.,-2.829069376,55.,-2.9149675369,55.,-19.9467334747,55.,-18.5134716034
56.,-2.8033297062,56.,-2.8403785229,56.,-37.271320343,56.,-25.8674926758
57.,-2.8145902157,57.,-2.9064130783,57.,-29.3801288605,57.,-28.3326740265
58.,-2.8303027153,58.,-2.9660708904,58.,-21.3639259338,58.,-20.6854419708
59.,-2.9046704769,59.,-2.9377121925,59.,-22.8212890625,59.,-26.5905227661
60.,-3.0294959545,60.,-3.0096268654,60.,-20.0367450714,60.,-21.6006984711
61.,-2.9237699509,61.,-3.0309703350,61.,-20.2923755646,61.,-26.0512638092
62.,-2.9970490932,62.,-2.9766387939,62.,-21.1932411194,62.,-26.4347877502
63.,-2.9617917538,63.,-3.0013873577,63.,-31.6685962677,63.,-36.3442306519
64.,-3.0994670391,64.,-3.0907859802,64.,-21.6654663086,64.,-22.9859752655
65.,-3.0813896656,65.,-3.1525750160,65.,-21.7144966125,65.,-23.6886787415
66.,-2.9801108837,66.,-3.1621174812,66.,-19.3439979553,66.,-22.5932426453
67.,-3.0298504829,67.,-3.1282396317,67.,-24.2203178406,67.,-24.9928607941
68.,-3.1466438770,68.,-3.1828436851,68.,-21.7051677704,68.,-22.3594779968
69.,-3.1635563374,69.,-3.183454752,69.,-24.7307662964,69.,-28.9640312195
70.,-3.2999260426,70.,-3.1642830372,70.,-29.2507572174,70.,-32.4816474915
71.,-3.3387691975,71.,-3.1994948387,71.,-41.5328941345,71.,-29.3253364563
72.,-3.1909141541,72.,-3.1766035557,72.,-27.3757324219,72.,-29.7522888184
73.,-3.0757801533,73.,-3.2442154884,73.,-35.031124115,73.,-34.5739707947
74.,-3.0068104267,74.,-3.2959623337,74.,-30.133518219,74.,-26.885263443
75.,-3.1682124138,75.,-3.3358855248,75.,-25.7158813477,75.,-29.1541900635
76.,-3.2091584206,76.,-3.2735302448,76.,-23.2949314117,76.,-30.206533432
77.,-3.2767231464,77.,-3.3185014725,77.,-21.1798114777,77.,-21.9398288727
78.,-3.4048078060,78.,-3.4162805080,78.,-20.8176307678,78.,-27.8926048279
79.,-3.4575736523,79.,-3.3659865856,79.,-25.7162208557,79.,-24.7158641815
80.,-3.4553039074,80.,-3.3993749618,80.,-25.9644374847,80.,-33.8832206726
81.,-3.4339735508,81.,-3.3762533665,81.,-31.3702831268,81.,-28.3410797119
82.,-3.3732998371,82.,-3.4144160748,82.,-34.5896682739,82.,-27.0977077484
83.,-3.3684031963,83.,-3.3151454926,83.,-32.6448783875,83.,-26.8963794708
84.,-3.253374815,84.,-3.4132947922,84.,-37.7857971191,84.,-24.8076553345
85.,-3.2716898918,85.,-3.4974665642,85.,-31.2209339142,85.,-25.5268859863
86.,-3.3722081184,86.,-3.5468504429,86.,-31.8972702026,86.,-27.6377429962
87.,-3.4196114540,87.,-3.4661719799,87.,-26.6635131836,87.,-28.2062263489
88.,-3.5907039642,88.,-3.5814869404,88.,-24.9259586334,88.,-31.8109111786
89.,-3.5215945244,89.,-3.4808101654,89.,-32.3029747009,89.,-30.5679779053
90.,-3.4262571335,90.,-3.4367613792,90.,-31.4496021271,90.,-43.4379501343
91.,-3.4485015869,91.,-3.4383633137,91.,-52.5594406128,91.,-34.2823600769
92.,-3.3581252098,92.,-3.5083458424,92.,-31.8162956238,92.,-31.9196643829
93.,-3.4420433044,93.,-3.5155322552,93.,-35.7640991211,93.,-22.178144455
94.,-3.4652822018,94.,-3.5682842732,94.,-23.2919387817,94.,-24.080657959
95.,-3.3809735775,95.,-3.5640554428,95.,-21.0871124268,95.,-21.9326591492
96.,-3.6123569012,96.,-3.6574985981,96.,-22.299243927,96.,-20.579624176
97.,-3.7119677067,97.,-3.7504243851,97.,-19.9313640594,97.,-20.7917079926
98.,-3.6867890358,98.,-3.7698142528,98.,-21.9060916901,98.,-25.3382129669
99.,-3.6439230442,99.,-3.7272582054,99.,-22.0401573181,99.,-30.416135788
100.,-3.5396671295,100.,-3.7228412628,100.,-22.6796016693,100.,-37.780002594
101.,-3.6082022190,101.,-3.666980505,101.,-23.3451786041,101.,-33.773979187
102.,-3.6196234226,102.,-3.7018606663,102.,-22.0076522827,102.,-23.3207092285
103.,-3.5843443870,103.,-3.7211027145,103.,-29.8599376678,103.,-26.383146286
104.,-3.7379477024,104.,-3.7186496258,104.,-33.7603378296,104.,-24.9890327454
105.,-3.8202223778,105.,-3.7492179871,105.,-34.6403007507,105.,-31.9622516632
106.,-3.7509069443,106.,-3.804633379,106.,-30.9965896606,106.,-32.5755615234
107.,-3.7408981323,107.,-3.7744283676,107.,-26.3872852325,107.,-27.4143562317
108.,-3.8175618649,108.,-3.8315367699,108.,-25.0918598175,108.,-24.7597408295
109.,-3.8850569725,109.,-3.9008858204,109.,-22.151227951,109.,-23.2497215271
110.,-3.8679301739,110.,-3.9538149834,110.,-19.3797149658,110.,-25.961107254
111.,-3.7794129848,111.,-3.9704217911,111.,-19.3845176697,111.,-37.8510818481
112.,-3.7845339775,112.,-3.9469327927,112.,-19.8973674774,112.,-39.1032562256
113.,-3.9341471195,113.,-3.9169442654,113.,-20.6354904175,113.,-33.2863769531
114.,-3.9010274410,114.,-3.9047455788,114.,-22.0913181305,114.,-33.1287345886
115.,-3.8674948215,115.,-3.8774142265,115.,-24.0150375366,115.,-28.9593696594
116.,-3.8988132477,116.,-3.8879556656,116.,-29.8502140045,116.,-29.9600219727
117.,-3.7903497219,117.,-3.8808486462,117.,-28.0097503662,117.,-36.8471069336
118.,-3.8361907005,118.,-3.9223175049,118.,-32.7189369202,118.,-26.859161377
119.,-3.7986733913,119.,-3.9128255844,119.,-28.1451873779,119.,-24.99559021
120.,-3.9357757568,120.,-3.9697108269,120.,-24.7477817535,120.,-21.3757190704
121.,-4.0588541031,121.,-4.0293946266,121.,-22.8970813751,121.,-23.1903762817
122.,-4.0510063171,122.,-4.1099004745,122.,-21.8221035004,122.,-22.6686344147
123.,-4.0112190247,123.,-4.1042246818,123.,-20.8487300873,123.,-23.9458045959
124.,-3.9746661186,124.,-4.108853817,124.,-20.0100917816,124.,-26.2464523315
125.,-3.9135859013,125.,-4.0011105537,125.,-22.3192424774,125.,-32.2428321838
126.,-3.9517729282,126.,-4.0370121002,126.,-22.4719963074,126.,-34.7140083313
127.,-3.9268085957,127.,-4.0794119835,127.,-27.1623439789,127.,-37.1434249878
128.,-3.9924414158,128.,-4.1015496254,128.,-37.5867729187,128.,-28.5450668335
129.,-4.106856823,129.,-4.1490631104,129.,-25.8386058807,129.,-35.8896751404
130.,-4.0369906426,130.,-4.0547876358,130.,-42.9273681641,130.,-30.8464851379
131.,-4.21585989,131.,-4.2279767990,131.,-24.6919364929,131.,-22.4931030273
132.,-4.1979336739,132.,-4.1634135246,132.,-39.9196929932,132.,-36.1344604492
133.,-4.1833796501,133.,-4.1935982704,133.,-31.4293632507,133.,-23.035118103
134.,-4.1739215851,134.,-4.2358460426,134.,-27.5312747955,134.,-26.1540603638
135.,-4.1635098457,135.,-4.2273454666,135.,-28.7931423187,135.,-22.7002315521
136.,-4.1231589317,136.,-4.1681776047,136.,-31.6503829956,136.,-21.9258403778
137.,-4.1331100464,137.,-4.1578683853,137.,-26.887052536,137.,-33.9020805359
138.,-4.1879706383,138.,-4.1476688385,138.,-28.0888633728,138.,-25.1075935364
139.,-4.1353273392,139.,-4.1005091667,139.,-24.3393192291,139.,-23.0484218597
140.,-4.2462224960,140.,-4.2146892548,140.,-22.1295967102,140.,-38.7102775574
141.,-4.2044630051,141.,-4.2373461723,141.,-29.4277706146,141.,-23.4847278595
142.,-4.3079919815,142.,-4.3675551414,142.,-21.0211238861,142.,-22.4407310486
143.,-4.2819681168,143.,-4.2230396271,143.,-29.1502571106,143.,-34.4573783875
144.,-4.1756486893,144.,-4.285592556,144.,-20.3442764282,144.,-20.781578064
145.,-4.1803898811,145.,-4.2815213203,145.,-24.8463134766,145.,-21.4489498138
146.,-4.2713460922,146.,-4.3155570030,146.,-17.7961769104,146.,-23.3104152679
147.,-4.2176160812,147.,-4.2806386948,147.,-29.1096515656,147.,-18.9046287537
148.,-4.2787857056,148.,-4.3339834213,148.,-19.3342933655,148.,-29.1519527435
149.,-4.2293877602,149.,-4.3433146477,149.,-34.4528007507,149.,-20.7071762085
150.,-4.2747869492,150.,-4.3397693634,150.,-20.4052772522,150.,-22.8627910614
151.,-4.3192276955,151.,-4.3763742447,151.,-30.3113803864,151.,-23.6413612366
152.,-4.2656707764,152.,-4.3877339363,152.,-23.2586688995,152.,-19.7971248627
153.,-4.3853960037,153.,-4.4714679718,153.,-22.549123764,153.,-47.3405189514
154.,-4.4019055367,154.,-4.4605121612,154.,-19.7125530243,154.,-28.8970375061
155.,-4.4718084335,155.,-4.5217981338,155.,-17.7898540497,155.,-21.5537185669
156.,-4.4226961136,156.,-4.5882773399,156.,-16.5244255066,156.,-23.5891399384
157.,-4.5467362404,157.,-4.7375097275,157.,-15.8932676315,157.,-18.8206996918
158.,-4.7752375603,158.,-4.7972946167,158.,-16.5809707642,158.,-17.2036533356
159.,-4.5282130241,159.,-4.5944924355,159.,-17.1705131531,159.,-31.0538291931
160.,-4.4776601791,160.,-4.5768399239,160.,-19.3845767975,160.,-20.4830436707
161.,-4.3710551262,161.,-4.4837269783,161.,-17.6890277863,161.,-22.0571289063
162.,-4.4092316627,162.,-4.5645442009,162.,-21.0359954834,162.,-29.287651062
163.,-4.5720443726,163.,-4.6136078835,163.,-17.7890052795,163.,-21.170501709
164.,-4.6238117218,164.,-4.6431274414,164.,-25.3130989075,164.,-41.787021637
165.,-4.7509894371,165.,-4.7164363861,165.,-18.8083057404,165.,-24.1822605133
166.,-4.7943954468,166.,-4.6443533897,166.,-23.5928993225,166.,-28.9356174469
167.,-4.7167396545,167.,-4.7300348282,167.,-16.9283924103,167.,-22.479845047
168.,-4.5863385200,168.,-4.6651697159,168.,-19.1816883087,168.,-31.4980888367
169.,-4.6321067810,169.,-4.7405276298,169.,-16.4914207458,169.,-23.5576782227
170.,-4.6462335586,170.,-4.6799407005,170.,-19.4800853729,170.,-34.253112793
171.,-4.6836519241,171.,-4.6562728882,171.,-18.0768928528,171.,-24.3048210144
172.,-4.6437678337,172.,-4.6716852188,172.,-19.7020702362,172.,-29.0200119019
173.,-4.696079731,173.,-4.7313051224,173.,-20.1364555359,173.,-40.611000061
174.,-4.68623209,174.,-4.7384076118,174.,-21.9658756256,174.,-27.5468082428
175.,-4.7439575195,175.,-4.7720704079,175.,-24.6260414124,175.,-38.2096061707
176.,-4.7337794304,176.,-4.7723069191,176.,-27.4033222198,176.,-23.8918972015
177.,-4.7942581177,177.,-4.8469562531,177.,-34.0820388794,177.,-32.7845458984
178.,-4.7263031006,178.,-4.7878098488,178.,-32.4896888733,178.,-24.1375789642
179.,-4.7041125297,179.,-4.8115124703,179.,-28.3355026245,179.,-37.4277915955
180.,-4.7321295738,180.,-4.8023881912,180.,-23.2373886108,180.,-26.6705474854
181.,-4.7706055641,181.,-4.8492631912,181.,-23.7628498077,181.,-33.9341583252
182.,-4.8304972649,182.,-4.8365473747,182.,-22.6370887756,182.,-24.1520309448
183.,-4.7751626968,183.,-4.7387914658,183.,-22.5634174347,183.,-40.6519546509
184.,-4.7853417396,184.,-4.7695116997,184.,-20.9017047882,184.,-24.3354759216
185.,-4.7680773735,185.,-4.7931180000,185.,-25.5564022064,185.,-26.5891628265
186.,-4.774368763,186.,-4.8705739975,186.,-23.2296619415,186.,-26.4586982727
187.,-4.854241848,187.,-4.9084515572,187.,-27.4302310944,187.,-21.5535850525
188.,-4.8935256004,188.,-4.9092283249,188.,-26.5254268646,188.,-26.5999240875
189.,-4.8754858971,189.,-4.9212799072,189.,-31.4869403839,189.,-25.7701301575
190.,-4.9564762116,190.,-4.9503655434,190.,-31.5863323212,190.,-28.8198795319
191.,-4.9379048348,191.,-5.0137834549,191.,-30.9319725037,191.,-30.540063858
192.,-4.9167537689,192.,-4.9815688133,192.,-26.3113555908,192.,-31.1831607819
193.,-4.8903717995,193.,-4.8917798996,193.,-25.1528759003,193.,-31.4776592255
194.,-4.7404723167,194.,-4.8501610756,194.,-23.7543640137,194.,-28.4129981995
195.,-4.8459730148,195.,-4.8346204758,195.,-27.7744503021,195.,-24.3389415741
196.,-4.8670730591,196.,-4.8601984978,196.,-25.0761547089,196.,-25.3507995605
197.,-4.8997926712,197.,-4.9724211693,197.,-37.1434059143,197.,-22.7497501373
198.,-4.9966073036,198.,-4.9993700981,198.,-39.175365448,198.,-20.0310573578
199.,-4.9560799599,199.,-4.9721980095,199.,-30.4342918396,199.,-20.0374279022
200.,-4.9721474647,200.,-5.0212841034,200.,-34.0421867371,200.,-20.727022171
2026-06-24 10:07:34,GAN-AMP-10W,DUT-001,LOT-2026,1000000000.0,-29.1661968231,-1.41936397552,-1.5187779665,-27.0251102448
2026-06-24 10:07:34,GAN-AMP-10W,DUT-001,LOT-2026,1045000000.0,-32.0799827576,-1.54180645943,-1.52955567837,-28.6506977081
2026-06-24 10:07:34,GAN-AMP-10W,DUT-001,LOT-2026,1090000000.0,-42.7565422058,-1.55480313301,-1.56322062016,-33.4059753418
2026-06-24 10:07:34,GAN-AMP-10W,DUT-001,LOT-2026,1135000000.0,-25.1458053589,-1.50608515739,-1.56982660294,-32.6910858154
2026-06-24 10:07:34,GAN-AMP-10W,DUT-001,LOT-2026,1180000000.0,-28.0832595825,-1.547549963,-1.57793533802,-30.1829338074
2026-06-24 10:07:34,GAN-AMP-10W,DUT-001,LOT-2026,1225000000.0,-22.3256454468,-1.54145169258,-1.63260710239,-26.3080463409
2026-06-24 10:07:34,GAN-AMP-10W,DUT-001,LOT-2026,1270000000.0,-29.5424766541,-1.56751573086,-1.62083542347,-34.5113296509
2026-06-24 10:07:34,GAN-AMP-10W,DUT-001,LOT-2026,1315000000.0,-25.0383052826,-1.64769339561,-1.68316066265,-28.8322505951
2026-06-24 10:07:34,GAN-AMP-10W,DUT-001,LOT-2026,1360000000.0,-29.902009964,-1.59349906445,-1.72277140617,-34.4687538147
2026-06-24 10:07:34,GAN-AMP-10W,DUT-001,LOT-2026,1405000000.0,-23.0629482269,-1.69681453705,-1.73248231411,-36.3730506897
2026-06-24 10:07:34,GAN-AMP-10W,DUT-001,LOT-2026,1450000000.0,-27.7490100861,-1.65035176277,-1.71662974358,-35.5973396301
2026-06-24 10:07:34,GAN-AMP-10W,DUT-001,LOT-2026,1495000000.0,-22.8611278534,-1.69401443005,-1.74520504475,-48.3368492126
2026-06-24 10:07:34,GAN-AMP-10W,DUT-001,LOT-2026,1540000000.0,-28.5834884644,-1.70748758316,-1.71498346329,-28.4610557556
2026-06-24 10:07:34,GAN-AMP-10W,DUT-001,LOT-2026,1585000000.0,-32.630241394,-1.69167113304,-1.77460682392,-28.1332149506
2026-06-24 10:07:34,GAN-AMP-10W,DUT-001,LOT-2026,1630000000.0,-31.8487815857,-1.75764119625,-1.82651615143,-24.6609745026
2026-06-24 10:07:34,GAN-AMP-10W,DUT-001,LOT-2026,1675000000.0,-27.2248802185,-1.77599024773,-1.82589066029,-25.8464164734
2026-06-24 10:07:34,GAN-AMP-10W,DUT-001,LOT-2026,1720000000.0,-25.7755813599,-1.74663722515,-1.86885631084,-27.942483902
2026-06-24 10:07:34,GAN-AMP-10W,DUT-001,LOT-2026,1765000000.0,-45.992893219,-1.81692290306,-1.85113179684,-34.289390564
2026-06-24 10:07:34,GAN-AMP-10W,DUT-001,LOT-2026,1810000000.0,-33.416217804,-1.8539288044,-1.90061450005,-44.5071601868
2026-06-24 10:07:34,GAN-AMP-10W,DUT-001,LOT-2026,1855000000.0,-35.2472763062,-1.92544317245,-1.90369594097,-35.6678848267
2026-06-24 10:07:34,GAN-AMP-10W,DUT-001,LOT-2026,1900000000.0,-30.0667476654,-1.9131411314,-1.9360127449,-26.4891395569
2026-06-24 10:07:34,GAN-AMP-10W,DUT-001,LOT-2026,1945000000.0,-33.8208465576,-1.85652315617,-1.92115998268,-28.7207756042
2026-06-24 10:07:34,GAN-AMP-10W,DUT-001,LOT-2026,1990000000.0,-34.4945297241,-1.90201532841,-1.96720433235,-26.6275177002
2026-06-24 10:07:34,GAN-AMP-10W,DUT-001,LOT-2026,2035000000.0,-23.6753787994,-1.86102473736,-2.03975629807,-23.8342285156
2026-06-24 10:07:34,GAN-AMP-10W,DUT-001,LOT-2026,2080000000.0,-27.7940578461,-1.81661260128,-2.05435991287,-26.0914039612
2026-06-24 10:07:34,GAN-AMP-10W,DUT-001,LOT-2026,2125000000.0,-26.4293079376,-1.96963715553,-2.09156703949,-24.28840065
2026-06-24 10:07:34,GAN-AMP-10W,DUT-001,LOT-2026,2170000000.0,-36.5294532776,-2.06967401505,-2.1235601902,-21.5398464203
2026-06-24 10:07:34,GAN-AMP-10W,DUT-001,LOT-2026,2215000000.0,-29.7364730835,-2.18557715416,-2.12577080727,-26.7174739838
2026-06-24 10:07:34,GAN-AMP-10W,DUT-001,LOT-2026,2260000000.0,-30.5229740143,-2.13448572159,-2.13855218887,-27.0603256226
2026-06-24 10:07:34,GAN-AMP-10W,DUT-001,LOT-2026,2305000000.0,-26.5059318542,-2.07190442085,-2.18135523796,-32.2963523865
2026-06-24 10:07:34,GAN-AMP-10W,DUT-001,LOT-2026,2350000000.0,-24.0222396851,-2.06941246986,-2.24755716324,-28.880443573
2026-06-24 10:07:34,GAN-AMP-10W,DUT-001,LOT-2026,2395000000.0,-25.8152103424,-1.97269940376,-2.25651597977,-30.2890911102
2026-06-24 10:07:34,GAN-AMP-10W,DUT-001,LOT-2026,2440000000.0,-35.062587738,-1.96502399445,-2.26713228226,-29.4571399689
2026-06-24 10:07:34,GAN-AMP-10W,DUT-001,LOT-2026,2485000000.0,-40.4726104736,-2.06773209572,-2.2762336731,-55.3071937561
2026-06-24 10:07:34,GAN-AMP-10W,DUT-001,LOT-2026,2530000000.0,-30.5758075714,-2.03160691261,-2.32816457748,-42.8919296265
2026-06-24 10:07:34,GAN-AMP-10W,DUT-001,LOT-2026,2575000000.0,-23.6065692902,-2.09303307533,-2.38048911095,-25.3102931976
2026-06-24 10:07:34,GAN-AMP-10W,DUT-001,LOT-2026,2620000000.0,-26.5853767395,-2.22144007683,-2.38630080223,-23.47032547
2026-06-24 10:07:34,GAN-AMP-10W,DUT-001,LOT-2026,2665000000.0,-27.5010261536,-2.27580785751,-2.38420915604,-25.6982841492
2026-06-24 10:07:34,GAN-AMP-10W,DUT-001,LOT-2026,2710000000.0,-24.4292430878,-2.43785500526,-2.38726115227,-24.2327919006
2026-06-24 10:07:34,GAN-AMP-10W,DUT-001,LOT-2026,2755000000.0,-25.2329463959,-2.28160500526,-2.38884425163,-37.8095664978
2026-06-24 10:07:34,GAN-AMP-10W,DUT-001,LOT-2026,2800000000.0,-23.7151851654,-2.26113295555,-2.39588141441,-28.9465847015
2026-06-24 10:07:34,GAN-AMP-10W,DUT-001,LOT-2026,2845000000.0,-21.5815944672,-2.41842532158,-2.43521881104,-21.5434989929
2026-06-24 10:07:34,GAN-AMP-10W,DUT-001,LOT-2026,2890000000.0,-20.4992656708,-2.40142822266,-2.4727666378,-21.4182529449
2026-06-24 10:07:34,GAN-AMP-10W,DUT-001,LOT-2026,2935000000.0,-19.9803352356,-2.42643642426,-2.50395870209,-25.1013431549
2026-06-24 10:07:34,GAN-AMP-10W,DUT-001,LOT-2026,2980000000.0,-24.4817409515,-2.50766015053,-2.55014228821,-25.3017959595
2026-06-24 10:07:34,GAN-AMP-10W,DUT-001,LOT-2026,3025000000.0,-26.5776786804,-2.43899226189,-2.56761312485,-37.1045570374
2026-06-24 10:07:34,GAN-AMP-10W,DUT-001,LOT-2026,3070000000.0,-39.038143158,-2.5982170105,-2.64293694496,-33.5663528442
2026-06-24 10:07:34,GAN-AMP-10W,DUT-001,LOT-2026,3115000000.0,-22.8312664032,-2.54468393326,-2.63991570473,-24.9695644379
2026-06-24 10:07:34,GAN-AMP-10W,DUT-001,LOT-2026,3160000000.0,-27.5914821625,-2.51931023598,-2.62131619453,-28.9278812408
2026-06-24 10:07:34,GAN-AMP-10W,DUT-001,LOT-2026,3205000000.0,-21.2368183136,-2.59198355675,-2.67798638344,-22.9019641876
2026-06-24 10:07:34,GAN-AMP-10W,DUT-001,LOT-2026,3250000000.0,-25.5474300385,-2.48563528061,-2.66634631157,-26.6681728363
2026-06-24 10:07:34,GAN-AMP-10W,DUT-001,LOT-2026,3295000000.0,-19.9060974121,-2.64355587959,-2.70097303391,-32.8156051636
2026-06-24 10:07:34,GAN-AMP-10W,DUT-001,LOT-2026,3340000000.0,-25.8870391846,-2.76315236092,-2.73023629189,-23.0228538513
2026-06-24 10:07:34,GAN-AMP-10W,DUT-001,LOT-2026,3385000000.0,-17.9701347351,-2.74386787415,-2.8115503788,-20.2064571381
2026-06-24 10:07:34,GAN-AMP-10W,DUT-001,LOT-2026,3430000000.0,-24.8704872131,-2.79990530014,-2.70725297928,-21.4862060547
2026-06-24 10:07:34,GAN-AMP-10W,DUT-001,LOT-2026,3475000000.0,-19.8436145782,-2.78439259529,-2.85309171677,-18.490026474
2026-06-24 10:07:34,GAN-AMP-10W,DUT-001,LOT-2026,3520000000.0,-36.8598861694,-2.71295118332,-2.78303194046,-25.9903526306
2026-06-24 10:07:34,GAN-AMP-10W,DUT-001,LOT-2026,3565000000.0,-29.5457191467,-2.75951957703,-2.87025356293,-28.4571495056
2026-06-24 10:07:34,GAN-AMP-10W,DUT-001,LOT-2026,3610000000.0,-21.2914218903,-2.78107690811,-2.91469097137,-20.6073856354
2026-06-24 10:07:34,GAN-AMP-10W,DUT-001,LOT-2026,3655000000.0,-22.9884815216,-2.87008714676,-2.88606953621,-26.4518203735
2026-06-24 10:07:34,GAN-AMP-10W,DUT-001,LOT-2026,3700000000.0,-20.0838985443,-2.9535176754,-2.94677472115,-21.6032085419
2026-06-24 10:07:34,GAN-AMP-10W,DUT-001,LOT-2026,3745000000.0,-20.1525325775,-2.85104608536,-2.97341823578,-25.9665031433
2026-06-24 10:07:34,GAN-AMP-10W,DUT-001,LOT-2026,3790000000.0,-21.1745853424,-2.92882204056,-2.93092465401,-26.1822242737
2026-06-24 10:07:34,GAN-AMP-10W,DUT-001,LOT-2026,3835000000.0,-31.853925705,-2.93705248833,-2.96778845787,-36.9280738831
2026-06-24 10:07:34,GAN-AMP-10W,DUT-001,LOT-2026,3880000000.0,-21.8579673767,-3.06332802773,-3.0226984024,-22.8974514008
2026-06-24 10:07:34,GAN-AMP-10W,DUT-001,LOT-2026,3925000000.0,-21.6332740784,-3.0233373642,-3.09464645386,-23.5562553406
2026-06-24 10:07:34,GAN-AMP-10W,DUT-001,LOT-2026,3970000000.0,-19.2931537628,-2.91636514664,-3.11492013931,-22.5442504883
2026-06-24 10:07:34,GAN-AMP-10W,DUT-001,LOT-2026,4015000000.0,-24.1482830048,-2.96473312378,-3.07403254509,-24.9674701691
2026-06-24 10:07:34,GAN-AMP-10W,DUT-001,LOT-2026,4060000000.0,-21.7236995697,-3.0984044075,-3.11435031891,-22.2773075104
2026-06-24 10:07:34,GAN-AMP-10W,DUT-001,LOT-2026,4105000000.0,-24.9523162842,-3.13236951828,-3.13603878021,-28.6617298126
2026-06-24 10:07:34,GAN-AMP-10W,DUT-001,LOT-2026,4150000000.0,-28.9167041779,-3.23615121841,-3.10523796082,-32.923625946
2026-06-24 10:07:34,GAN-AMP-10W,DUT-001,LOT-2026,4195000000.0,-42.1815567017,-3.27076196671,-3.13423395157,-29.112449646
2026-06-24 10:07:34,GAN-AMP-10W,DUT-001,LOT-2026,4240000000.0,-27.199640274,-3.12156486511,-3.13863348961,-29.6814365387
2026-06-24 10:07:34,GAN-AMP-10W,DUT-001,LOT-2026,4285000000.0,-34.7850456238,-3.02034497261,-3.18464851379,-34.1827354431
2026-06-24 10:07:34,GAN-AMP-10W,DUT-001,LOT-2026,4330000000.0,-30.0303077698,-2.95309901237,-3.24413132668,-26.7613430023
2026-06-24 10:07:34,GAN-AMP-10W,DUT-001,LOT-2026,4375000000.0,-25.7311153412,-3.10372972488,-3.29382896423,-29.0350437164
2026-06-24 10:07:34,GAN-AMP-10W,DUT-001,LOT-2026,4420000000.0,-23.1747322083,-3.14861345291,-3.23133587837,-30.1336021423
2026-06-24 10:07:34,GAN-AMP-10W,DUT-001,LOT-2026,4465000000.0,-21.0652809143,-3.21644067764,-3.26165962219,-21.9096336365
2026-06-24 10:07:34,GAN-AMP-10W,DUT-001,LOT-2026,4510000000.0,-20.7505741119,-3.36313033104,-3.36410665512,-27.6957435608
2026-06-24 10:07:34,GAN-AMP-10W,DUT-001,LOT-2026,4555000000.0,-25.4344730377,-3.39072346687,-3.30344176292,-24.7339859009
2026-06-24 10:07:34,GAN-AMP-10W,DUT-001,LOT-2026,4600000000.0,-25.758939743,-3.39532995224,-3.34399318695,-33.8627700806
2026-06-24 10:07:34,GAN-AMP-10W,DUT-001,LOT-2026,4645000000.0,-30.9125156403,-3.36978149414,-3.30737924576,-28.4073467255
2026-06-24 10:07:34,GAN-AMP-10W,DUT-001,LOT-2026,4690000000.0,-34.2460899353,-3.31191587448,-3.37003231049,-26.9569377899
2026-06-24 10:07:34,GAN-AMP-10W,DUT-001,LOT-2026,4735000000.0,-32.5456962585,-3.30833363533,-3.25993609428,-26.5835018158
2026-06-24 10:07:34,GAN-AMP-10W,DUT-001,LOT-2026,4780000000.0,-37.3038749695,-3.17628145218,-3.34813189507,-24.6319160461
2026-06-24 10:07:34,GAN-AMP-10W,DUT-001,LOT-2026,4825000000.0,-31.3989601135,-3.20674991608,-3.43909192085,-25.4784164429
2026-06-24 10:07:34,GAN-AMP-10W,DUT-001,LOT-2026,4870000000.0,-31.3754024506,-3.3115196228,-3.48699641228,-27.4335079193
2026-06-24 10:07:34,GAN-AMP-10W,DUT-001,LOT-2026,4915000000.0,-26.4141540527,-3.37268614769,-3.4049911499,-28.0672168732
2026-06-24 10:07:34,GAN-AMP-10W,DUT-001,LOT-2026,4960000000.0,-24.7848777771,-3.52490782738,-3.52564096451,-31.6064300537
2026-06-24 10:07:34,GAN-AMP-10W,DUT-001,LOT-2026,5005000000.0,-31.8314113617,-3.46235156059,-3.4164545536,-30.3432025909
2026-06-24 10:07:34,GAN-AMP-10W,DUT-001,LOT-2026,5050000000.0,-31.6044921875,-3.34877371788,-3.37944459915,-44.747467041
2026-06-24 10:07:34,GAN-AMP-10W,DUT-001,LOT-2026,5095000000.0,-50.3337745667,-3.40251064301,-3.39314198494,-34.6194763184
2026-06-24 10:07:34,GAN-AMP-10W,DUT-001,LOT-2026,5140000000.0,-31.6337966919,-3.31036949158,-3.43458127975,-31.9820480347
2026-06-24 10:07:34,GAN-AMP-10W,DUT-001,LOT-2026,5185000000.0,-35.8268928528,-3.37925815582,-3.45650887489,-22.0366973877
2026-06-24 10:07:34,GAN-AMP-10W,DUT-001,LOT-2026,5230000000.0,-23.2565727234,-3.40478634834,-3.50623250008,-23.9652786255
2026-06-24 10:07:34,GAN-AMP-10W,DUT-001,LOT-2026,5275000000.0,-21.1049404144,-3.33227825165,-3.49543046951,-21.8135166168
2026-06-24 10:07:34,GAN-AMP-10W,DUT-001,LOT-2026,5320000000.0,-22.1644973755,-3.54498696327,-3.60960531235,-20.6043148041
2026-06-24 10:07:34,GAN-AMP-10W,DUT-001,LOT-2026,5365000000.0,-19.7244415283,-3.64297056198,-3.7055284977,-20.7781333923
2026-06-24 10:07:34,GAN-AMP-10W,DUT-001,LOT-2026,5410000000.0,-21.7052211761,-3.63790273666,-3.70031356812,-25.2574920654
2026-06-24 10:07:34,GAN-AMP-10W,DUT-001,LOT-2026,5455000000.0,-21.9393043518,-3.58426976204,-3.67264342308,-30.4939308167
2026-06-24 10:07:34,GAN-AMP-10W,DUT-001,LOT-2026,5500000000.0,-22.6662216187,-3.46223902702,-3.657371521,-39.1275253296
2026-06-24 10:07:34,GAN-AMP-10W,DUT-001,LOT-2026,5545000000.0,-23.4476413727,-3.54652047157,-3.5938129425,-33.7121620178
2026-06-24 10:07:34,GAN-AMP-10W,DUT-001,LOT-2026,5590000000.0,-22.1182594299,-3.5703971386,-3.66247034073,-23.3440303802
2026-06-24 10:07:34,GAN-AMP-10W,DUT-001,LOT-2026,5635000000.0,-30.2133159637,-3.52782988548,-3.64556980133,-26.2690143585
2026-06-24 10:07:34,GAN-AMP-10W,DUT-001,LOT-2026,5680000000.0,-33.1024665833,-3.68258881569,-3.6731030941,-25.0957756042
2026-06-24 10:07:34,GAN-AMP-10W,DUT-001,LOT-2026,5725000000.0,-35.0621757507,-3.75334692001,-3.69108510017,-32.038394928
2026-06-24 10:07:34,GAN-AMP-10W,DUT-001,LOT-2026,5770000000.0,-30.8692989349,-3.6901845932,-3.74764800072,-32.8732223511
2026-06-24 10:07:34,GAN-AMP-10W,DUT-001,LOT-2026,5815000000.0,-26.4006271362,-3.6797349453,-3.71218085289,-27.2314167023
2026-06-24 10:07:34,GAN-AMP-10W,DUT-001,LOT-2026,5860000000.0,-25.0548439026,-3.75839591026,-3.75513958931,-24.9060592651
2026-06-24 10:07:34,GAN-AMP-10W,DUT-001,LOT-2026,5905000000.0,-22.1167621613,-3.81212806702,-3.83937191963,-23.1399421692
2026-06-24 10:07:34,GAN-AMP-10W,DUT-001,LOT-2026,5950000000.0,-19.298166275,-3.80866742134,-3.89986658096,-26.0331821442
2026-06-24 10:07:34,GAN-AMP-10W,DUT-001,LOT-2026,5995000000.0,-19.3789367676,-3.70548224449,-3.90054416656,-37.3453941345
2026-06-24 10:07:34,GAN-AMP-10W,DUT-001,LOT-2026,6040000000.0,-19.8353214264,-3.74536061287,-3.88994479179,-38.4775009155
2026-06-24 10:07:34,GAN-AMP-10W,DUT-001,LOT-2026,6085000000.0,-20.6335010529,-3.86989951134,-3.86631131172,-32.8952255249
2026-06-24 10:07:34,GAN-AMP-10W,DUT-001,LOT-2026,6130000000.0,-22.056219101,-3.83044576645,-3.84125566483,-33.1317710876
2026-06-24 10:07:34,GAN-AMP-10W,DUT-001,LOT-2026,6175000000.0,-24.1036643982,-3.8038752079,-3.81200909615,-28.6843280792
2026-06-24 10:07:34,GAN-AMP-10W,DUT-001,LOT-2026,6220000000.0,-29.7177371979,-3.82626366615,-3.82873535156,-30.0455360413
2026-06-24 10:07:34,GAN-AMP-10W,DUT-001,LOT-2026,6265000000.0,-28.024887085,-3.74804878235,-3.84168696404,-36.8949890137
2026-06-24 10:07:34,GAN-AMP-10W,DUT-001,LOT-2026,6310000000.0,-32.8928604126,-3.77892827988,-3.86796450615,-26.9067707062
2026-06-24 10:07:34,GAN-AMP-10W,DUT-001,LOT-2026,6355000000.0,-28.1507091522,-3.74433302879,-3.86155581474,-24.7663669586
2026-06-24 10:07:34,GAN-AMP-10W,DUT-001,LOT-2026,6400000000.0,-24.7696228027,-3.86076378822,-3.90315842628,-21.2787227631
2026-06-24 10:07:34,GAN-AMP-10W,DUT-001,LOT-2026,6445000000.0,-22.9666309357,-4.01056575775,-3.95536541939,-23.036857605
2026-06-24 10:07:34,GAN-AMP-10W,DUT-001,LOT-2026,6490000000.0,-21.7456092834,-3.98972940445,-4.05444049835,-22.537902832
2026-06-24 10:07:34,GAN-AMP-10W,DUT-001,LOT-2026,6535000000.0,-20.7501544952,-3.95364975929,-4.04575920105,-23.8199176788
2026-06-24 10:07:34,GAN-AMP-10W,DUT-001,LOT-2026,6580000000.0,-19.9012546539,-3.92022681236,-4.03992557526,-26.385471344
2026-06-24 10:07:34,GAN-AMP-10W,DUT-001,LOT-2026,6625000000.0,-22.1387615204,-3.86104035378,-3.94640040398,-32.3769454956
2026-06-24 10:07:34,GAN-AMP-10W,DUT-001,LOT-2026,6670000000.0,-22.4191970825,-3.88158845901,-3.97595953941,-34.5708007813
2026-06-24 10:07:34,GAN-AMP-10W,DUT-001,LOT-2026,6715000000.0,-26.8731002808,-3.86878991127,-4.02483940125,-37.6980247498
2026-06-24 10:07:34,GAN-AMP-10W,DUT-001,LOT-2026,6760000000.0,-37.6447982788,-3.92173314095,-4.03741550446,-28.3438014984
2026-06-24 10:07:34,GAN-AMP-10W,DUT-001,LOT-2026,6805000000.0,-25.9094848633,-4.04263734818,-4.0888466835,-36.5046081543
2026-06-24 10:07:34,GAN-AMP-10W,DUT-001,LOT-2026,6850000000.0,-42.5617637634,-3.98238372803,-4.00312328339,-30.9727840424
2026-06-24 10:07:34,GAN-AMP-10W,DUT-001,LOT-2026,6895000000.0,-24.5402488708,-4.14733982086,-4.16346025467,-22.3495426178
2026-06-24 10:07:34,GAN-AMP-10W,DUT-001,LOT-2026,6940000000.0,-39.7821311951,-4.13690662384,-4.0825176239,-35.6203308105
2026-06-24 10:07:34,GAN-AMP-10W,DUT-001,LOT-2026,6985000000.0,-31.192647934,-4.12614107132,-4.11552000046,-23.1574287415
2026-06-24 10:07:34,GAN-AMP-10W,DUT-001,LOT-2026,7030000000.0,-27.6877479553,-4.10034227371,-4.14852380753,-25.8867015839
2026-06-24 10:07:34,GAN-AMP-10W,DUT-001,LOT-2026,7075000000.0,-28.9758930206,-4.10283136368,-4.15988636017,-22.7928161621
2026-06-24 10:07:34,GAN-AMP-10W,DUT-001,LOT-2026,7120000000.0,-31.4845409393,-4.06164312363,-4.11084794998,-21.839756012
2026-06-24 10:07:34,GAN-AMP-10W,DUT-001,LOT-2026,7165000000.0,-27.0223636627,-4.07737493515,-4.08198165894,-33.7049255371
2026-06-24 10:07:34,GAN-AMP-10W,DUT-001,LOT-2026,7210000000.0,-28.1802253723,-4.11009120941,-4.09723901749,-25.2537612915
2026-06-24 10:07:34,GAN-AMP-10W,DUT-001,LOT-2026,7255000000.0,-24.2399291992,-4.07945966721,-4.04622173309,-23.1391048431
2026-06-24 10:07:34,GAN-AMP-10W,DUT-001,LOT-2026,7300000000.0,-22.0512886047,-4.18031358719,-4.14487457275,-38.5142707825
2026-06-24 10:07:34,GAN-AMP-10W,DUT-001,LOT-2026,7345000000.0,-29.2987365723,-4.12173700333,-4.15955495834,-23.5893268585
2026-06-24 10:07:34,GAN-AMP-10W,DUT-001,LOT-2026,7390000000.0,-20.9453639984,-4.25720405579,-4.31050157547,-22.3879795074
2026-06-24 10:07:34,GAN-AMP-10W,DUT-001,LOT-2026,7435000000.0,-29.2264766693,-4.23375606537,-4.16410207748,-34.4363098145
2026-06-24 10:07:34,GAN-AMP-10W,DUT-001,LOT-2026,7480000000.0,-20.3546237946,-4.11036396027,-4.24245834351,-20.8135795593
2026-06-24 10:07:34,GAN-AMP-10W,DUT-001,LOT-2026,7525000000.0,-24.6070308685,-4.12443304062,-4.22237443924,-21.3293094635
2026-06-24 10:07:34,GAN-AMP-10W,DUT-001,LOT-2026,7570000000.0,-17.7781429291,-4.21033334732,-4.26846075058,-23.1938819885
2026-06-24 10:07:34,GAN-AMP-10W,DUT-001,LOT-2026,7615000000.0,-28.8895645142,-4.15552759171,-4.22751283646,-18.8704223633
2026-06-24 10:07:34,GAN-AMP-10W,DUT-001,LOT-2026,7660000000.0,-19.2699966431,-4.20664215088,-4.27375459671,-29.197637558
2026-06-24 10:07:34,GAN-AMP-10W,DUT-001,LOT-2026,7705000000.0,-34.09790802,-4.18130064011,-4.27214622498,-20.6569480896
2026-06-24 10:07:34,GAN-AMP-10W,DUT-001,LOT-2026,7750000000.0,-20.4028129578,-4.21136569977,-4.28062391281,-22.84623909
2026-06-24 10:07:34,GAN-AMP-10W,DUT-001,LOT-2026,7795000000.0,-30.8116664886,-4.23645305634,-4.31152486801,-23.5862178802
2026-06-24 10:07:34,GAN-AMP-10W,DUT-001,LOT-2026,7840000000.0,-23.4016017914,-4.1885099411,-4.32679891586,-19.7230052948
2026-06-24 10:07:34,GAN-AMP-10W,DUT-001,LOT-2026,7885000000.0,-22.5430545807,-4.32971811295,-4.40809774399,-44.0419654846
2026-06-24 10:07:34,GAN-AMP-10W,DUT-001,LOT-2026,7930000000.0,-19.7435283661,-4.34510040283,-4.41032743454,-28.9648475647
2026-06-24 10:07:34,GAN-AMP-10W,DUT-001,LOT-2026,7975000000.0,-17.7182674408,-4.37747192383,-4.46787834167,-21.4319591522
2026-06-24 10:07:34,GAN-AMP-10W,DUT-001,LOT-2026,8020000000.0,-16.4097537994,-4.36578035355,-4.51726865768,-23.3642082214
2026-06-24 10:07:34,GAN-AMP-10W,DUT-001,LOT-2026,8065000000.0,-15.7949705124,-4.48145675659,-4.69429302216,-18.7929973602
2026-06-24 10:07:34,GAN-AMP-10W,DUT-001,LOT-2026,8110000000.0,-16.5182781219,-4.72406387329,-4.74875926971,-17.17445755
2026-06-24 10:07:34,GAN-AMP-10W,DUT-001,LOT-2026,8155000000.0,-17.1601257324,-4.46778059006,-4.5162229538,-30.9546642303
2026-06-24 10:07:34,GAN-AMP-10W,DUT-001,LOT-2026,8200000000.0,-19.2475204468,-4.40876054764,-4.52711057663,-20.3941383362
2026-06-24 10:07:34,GAN-AMP-10W,DUT-001,LOT-2026,8245000000.0,-17.6512317657,-4.29400110245,-4.42667245865,-22.0450363159
2026-06-24 10:07:34,GAN-AMP-10W,DUT-001,LOT-2026,8290000000.0,-21.0905799866,-4.3496594429,-4.5022983551,-28.922826767
2026-06-24 10:07:34,GAN-AMP-10W,DUT-001,LOT-2026,8335000000.0,-17.7814674377,-4.4990773201,-4.55406475067,-21.1695041656
2026-06-24 10:07:34,GAN-AMP-10W,DUT-001,LOT-2026,8380000000.0,-25.4138507843,-4.56316280365,-4.58862066269,-41.3105697632
2026-06-24 10:07:34,GAN-AMP-10W,DUT-001,LOT-2026,8425000000.0,-18.7754821777,-4.69275522232,-4.64551305771,-24.0405158997
2026-06-24 10:07:34,GAN-AMP-10W,DUT-001,LOT-2026,8470000000.0,-23.6486206055,-4.70556926727,-4.56305265427,-29.0178260803
2026-06-24 10:07:34,GAN-AMP-10W,DUT-001,LOT-2026,8515000000.0,-16.8756446838,-4.64244842529,-4.66368770599,-22.4100341797
2026-06-24 10:07:34,GAN-AMP-10W,DUT-001,LOT-2026,8560000000.0,-19.2617893219,-4.52469587326,-4.60948324203,-31.4469871521
2026-06-24 10:07:34,GAN-AMP-10W,DUT-001,LOT-2026,8605000000.0,-16.4644889832,-4.57968187332,-4.67177009583,-23.4139690399
2026-06-24 10:07:34,GAN-AMP-10W,DUT-001,LOT-2026,8650000000.0,-19.406873703,-4.57358503342,-4.61425590515,-34.1033325195
2026-06-24 10:07:34,GAN-AMP-10W,DUT-001,LOT-2026,8695000000.0,-17.9982147217,-4.61696386337,-4.59196901321,-24.3598842621
2026-06-24 10:07:34,GAN-AMP-10W,DUT-001,LOT-2026,8740000000.0,-19.6866455078,-4.58168363571,-4.6064248085,-29.1559257507
2026-06-24 10:07:34,GAN-AMP-10W,DUT-001,LOT-2026,8785000000.0,-20.0587940216,-4.62098360062,-4.68146371841,-40.004486084
2026-06-24 10:07:34,GAN-AMP-10W,DUT-001,LOT-2026,8830000000.0,-21.9045333862,-4.62243890762,-4.66279935837,-27.3014011383
2026-06-24 10:07:34,GAN-AMP-10W,DUT-001,LOT-2026,8875000000.0,-24.4362201691,-4.6741271019,-4.70604848862,-37.9309310913
2026-06-24 10:07:34,GAN-AMP-10W,DUT-001,LOT-2026,8920000000.0,-27.3585205078,-4.67591571808,-4.6833190918,-23.8682384491
2026-06-24 10:07:34,GAN-AMP-10W,DUT-001,LOT-2026,8965000000.0,-33.6391143799,-4.73202705383,-4.77030801773,-32.7332763672
2026-06-24 10:07:34,GAN-AMP-10W,DUT-001,LOT-2026,9010000000.0,-32.7089881897,-4.65407085419,-4.70984649658,-23.9720687866
2026-06-24 10:07:34,GAN-AMP-10W,DUT-001,LOT-2026,9055000000.0,-28.4388580322,-4.63440513611,-4.75174283981,-37.3474845886
2026-06-24 10:07:34,GAN-AMP-10W,DUT-001,LOT-2026,9100000000.0,-23.1259784698,-4.6817984581,-4.75349092484,-26.4393024445
2026-06-24 10:07:34,GAN-AMP-10W,DUT-001,LOT-2026,9145000000.0,-23.7660884857,-4.71516704559,-4.78519105911,-33.9391326904
2026-06-24 10:07:34,GAN-AMP-10W,DUT-001,LOT-2026,9190000000.0,-22.5607948303,-4.7586812973,-4.76679611206,-24.0904102325
2026-06-24 10:07:34,GAN-AMP-10W,DUT-001,LOT-2026,9235000000.0,-22.6155414581,-4.7024769783,-4.69265270233,-41.4522094727
2026-06-24 10:07:34,GAN-AMP-10W,DUT-001,LOT-2026,9280000000.0,-20.7643089294,-4.70661497116,-4.71304750443,-24.2299346924
2026-06-24 10:07:34,GAN-AMP-10W,DUT-001,LOT-2026,9325000000.0,-25.5272769928,-4.70461273193,-4.7380156517,-26.4497661591
2026-06-24 10:07:34,GAN-AMP-10W,DUT-001,LOT-2026,9370000000.0,-23.2314872742,-4.71249485016,-4.81299352646,-26.4583721161
2026-06-24 10:07:34,GAN-AMP-10W,DUT-001,LOT-2026,9415000000.0,-27.3931179047,-4.77673244476,-4.8402838707,-21.4829559326
2026-06-24 10:07:34,GAN-AMP-10W,DUT-001,LOT-2026,9460000000.0,-26.5073680878,-4.82359457016,-4.83539676666,-26.3356685638
2026-06-24 10:07:34,GAN-AMP-10W,DUT-001,LOT-2026,9505000000.0,-31.265537262,-4.78923511505,-4.84514427185,-25.7310810089
2026-06-24 10:07:34,GAN-AMP-10W,DUT-001,LOT-2026,9550000000.0,-31.0154247284,-4.88964366913,-4.88111162186,-28.6403656006
2026-06-24 10:07:34,GAN-AMP-10W,DUT-001,LOT-2026,9595000000.0,-30.8459300995,-4.85253477097,-4.93786430359,-30.4316940308
2026-06-24 10:07:34,GAN-AMP-10W,DUT-001,LOT-2026,9640000000.0,-26.3305282593,-4.83315944672,-4.91796445847,-30.8106746674
2026-06-24 10:07:34,GAN-AMP-10W,DUT-001,LOT-2026,9685000000.0,-25.1177520752,-4.81050920486,-4.82576322556,-30.9781570435
2026-06-24 10:07:34,GAN-AMP-10W,DUT-001,LOT-2026,9730000000.0,-23.6126747131,-4.66198158264,-4.76646757126,-28.2077922821
2026-06-24 10:07:34,GAN-AMP-10W,DUT-001,LOT-2026,9775000000.0,-27.5956382751,-4.75439119339,-4.77994918823,-24.2400398254
2026-06-24 10:07:34,GAN-AMP-10W,DUT-001,LOT-2026,9820000000.0,-25.0509262085,-4.79012966156,-4.80344724655,-25.2679672241
2026-06-24 10:07:34,GAN-AMP-10W,DUT-001,LOT-2026,9865000000.0,-36.6103401184,-4.83079385757,-4.89986085892,-22.7887153625
2026-06-24 10:07:34,GAN-AMP-10W,DUT-001,LOT-2026,9910000000.0,-39.1273574829,-4.92102432251,-4.92033290863,-20.013885498
2026-06-24 10:07:34,GAN-AMP-10W,DUT-001,LOT-2026,9955000000.0,-30.4290428162,-4.88763237,-4.90521717072,-20.0112876892
2026-06-24 10:07:34,GAN-AMP-10W,DUT-001,LOT-2026,10000000000.0,-34.2864608765,-4.89584922791,-4.97770929337,-20.6788654327
